{
    "resources": [
        {
            "name": "i18n/i18n_en.properties",
            "raw": "i18n/i18n.properties",
            "locale": "_en"
        },
        {
            "name": "i18n/i18n.properties",
            "raw": "i18n/i18n.properties"
        },
        {
            "name": "model/models.js"
        },
        {
            "name": "manifest.json"
        },
        {
            "name": "controller/SelectedProducts.controller.js"
        },
        {
            "name": "controller/Main.controller.js"
        },
        {
            "name": "controller/AvailableProducts.controller.js"
        },
        {
            "name": "Component.js"
        },
        {
            "name": "manifest-bundle.zip"
        },
        {
            "name": "Component-preload.js",
            "merged": true
        },
        {
            "name": "model/models-dbg.js",
            "isDebug": true
        },
        {
            "name": "controller/SelectedProducts-dbg.controller.js",
            "isDebug": true
        },
        {
            "name": "controller/Main-dbg.controller.js",
            "isDebug": true
        },
        {
            "name": "controller/AvailableProducts-dbg.controller.js",
            "isDebug": true
        },
        {
            "name": "Component-dbg.js",
            "isDebug": true
        },
        {
            "name": "../../sap-ui-version.json"
        },
        {
            "name": "neo-app.json"
        },
        {
            "name": "di.code-validation.core_issues.json"
        },
        {
            "name": "i18n/i18n_fr.properties",
            "raw": "i18n/i18n.properties",
            "locale": "_fr"
        },
        {
            "name": "view/SelectedProducts.view.xml"
        },
        {
            "name": "view/Main.view.xml"
        },
        {
            "name": "view/AvailableProducts.view.xml"
        },
        {
            "name": "localService/metadata.xml"
        },
        {
            "name": "css/style.css"
        },
        {
            "name": "index.html"
        }
    ]
}