{
  "Component-preload.js": 1619596749299,
  "i18n/i18n_en.properties": 1619596406140,
  "i18n/i18n.properties": 1619098218842,
  "model/models.js": 1616160578000,
  "test/unit/controller/Main.controller.js": 1616160578000,
  "test/integration/pages/Main.js": 1616160578000,
  "test/integration/arrangements/Startup.js": 1616160578000,
  "test/unit/unitTests.qunit.js": 1616160578000,
  "test/unit/AllTests.js": 1616160578000,
  "test/integration/opaTests.qunit.js": 1616160578000,
  "test/integration/NavigationJourney.js": 1616160578000,
  "test/integration/AllJourneys.js": 1616160578000,
  "test/testsuite.qunit.js": 1616160578000,
  "manifest.json": 1619596749016,
  "controller/SelectedProducts.controller.js": 1617183531647,
  "controller/Main.controller.js": 1619596406120,
  "controller/AvailableProducts.controller.js": 1617178096586,
  "Component.js": 1616160578000,
  "manifest-bundle.zip": 1619596749025,
  "i18n/i18n_fr.properties": 1619596406140,
  "test/testsuite.qunit-dbg.js": 1616160578000,
  "test/integration/arrangements/Startup-dbg.js": 1616160578000,
  "test/integration/opaTests.qunit-dbg.js": 1616160578000,
  "test/integration/NavigationJourney-dbg.js": 1616160578000,
  "test/integration/AllJourneys-dbg.js": 1616160578000,
  "test/unit/controller/Main-dbg.controller.js": 1616160578000,
  "test/unit/unitTests.qunit-dbg.js": 1616160578000,
  "test/unit/AllTests-dbg.js": 1616160578000,
  "test/integration/pages/Main-dbg.js": 1616160578000,
  "model/models-dbg.js": 1616160578000,
  "controller/SelectedProducts-dbg.controller.js": 1617183531647,
  "controller/Main-dbg.controller.js": 1619596406120,
  "controller/AvailableProducts-dbg.controller.js": 1617178096586,
  "Component-dbg.js": 1616160578000,
  "neo-app.json": 1619596749381,
  "di.code-validation.core_issues.json": 1619596751555,
  "resources.json": 1619596751563,
  "test/unit/unitTests.qunit.html": 1616160578000,
  "test/integration/opaTests.qunit.html": 1616160578000,
  "view/SelectedProducts.view.xml": 1616160578000,
  "view/Main.view.xml": 1619596621098,
  "view/AvailableProducts.view.xml": 1617177454422,
  "test/testsuite.qunit.html": 1616160578000,
  "localService/metadata.xml": 1616160578000,
  "css/style.css": 1616160578000,
  "index.html": 1619596406140
}