<edmx:Edmx xmlns:edmx="http://schemas.microsoft.com/ado/2007/06/edmx"
	xmlns:m="http://schemas.microsoft.com/ado/2007/08/dataservices/metadata" xmlns:sap="http://www.sap.com/Protocols/SAPData" Version="1.0">
	<edmx:DataServices m:DataServiceVersion="2.0">
		<Schema xmlns="http://schemas.microsoft.com/ado/2008/09/edm" Namespace="ZRETOUR_MERCHANDISE_SRV" xml:lang="fr" sap:schema-version="1">
			<EntityType Name="Header" sap:content-version="1">
				<Key><PropertyRef Name="Huident"/><PropertyRef Name="Product"/></Key><Property Name="GuidParent" Type="Edm.Binary" Nullable="false" sap:unicode="false" sap:label="Père" sap:creatable="false"
					sap:updatable="false" sap:sortable="false"/><Property Name="GuidStock" Type="Edm.Binary" Nullable="false" sap:unicode="false" sap:label="GUID stock" sap:creatable="false"
					sap:updatable="false" sap:sortable="false"/><Property Name="Huident" Type="Edm.String" Nullable="false" MaxLength="20" sap:unicode="false" sap:label="Unité manutent."
					sap:creatable="false" sap:updatable="false" sap:sortable="false"/><Property Name="Matid" Type="Edm.Binary" Nullable="false" sap:unicode="false" sap:label="Produit" sap:creatable="false"
					sap:updatable="false" sap:sortable="false"/><Property Name="Lgpla" Type="Edm.String" Nullable="false" MaxLength="18" sap:unicode="false" sap:label="Emplacement" sap:creatable="false"
					sap:updatable="false" sap:sortable="false"/><Property Name="Quan" Type="Edm.Decimal" Nullable="false" Precision="31" Scale="14" sap:unicode="false" sap:unit="Unit"
					sap:label="Quantité disponible" sap:creatable="false" sap:updatable="false" sap:sortable="false"/><Property Name="Unit" Type="Edm.String" Nullable="false" MaxLength="3" sap:unicode="false" sap:label="Unité de base" sap:creatable="false"
					sap:updatable="false" sap:sortable="false" sap:semantics="unit-of-measure"/><Property Name="MatidC22" Type="Edm.String" Nullable="false" MaxLength="22" sap:unicode="false" sap:label="IDArt (CHAR22)"
					sap:creatable="false" sap:updatable="false" sap:sortable="false"/><Property Name="Product" Type="Edm.String" Nullable="false" MaxLength="40" sap:unicode="false" sap:label="Produit" sap:creatable="false"
					sap:updatable="false" sap:sortable="false"/></EntityType>
			<EntityContainer Name="ZRETOUR_MERCHANDISE_SRV_Entities" m:IsDefaultEntityContainer="true" sap:supported-formats="atom json xlsx"><EntitySet Name="HeaderSet" EntityType="ZRETOUR_MERCHANDISE_SRV.Header" sap:creatable="false" sap:updatable="false" sap:deletable="false"
				sap:pageable="false" sap:content-version="1"/></EntityContainer><atom:link xmlns:atom="http://www.w3.org/2005/Atom" rel="self" href="./sap/ZRETOUR_MERCHANDISE_SRV/$metadata"/><atom:link xmlns:atom="http://www.w3.org/2005/Atom" rel="latest-version" href="./sap/ZRETOUR_MERCHANDISE_SRV/$metadata"/></Schema>
	</edmx:DataServices>
</edmx:Edmx>